ate,pages,Unnamed:
2024-06-30,10,
2024-07-01,10,
2024-07-02,10,
2024-07-03,10,
2024-07-04,10,
2024-07-05,10,
2024-07-06,10,
2024-07-07,10,
2024-07-08,10,
2024-07-09,10,
2024-07-10,10,
2024-07-11,10,
2024-07-12,10,
2024-07-13,10,
2024-07-14,10,
2024-07-15,10,
2024-07-16,10,
2024-07-17,10,
2024-07-18,15,
2024-07-19,10,
2024-07-20,14,
2024-07-21,11,
2024-07-22,10,
2024-07-23,14,
2024-07-24,10,
2024-07-25,10,
2024-07-26,11,
2024-07-27,10,
2024-07-28,10,
2024-07-29,10,
2024-07-30,10,
2024-07-31,11,
2024-08-01,12,
2024-08-02,7,
2024-08-02,4,
2024-08-03,14,
2024-08-04,11,
2024-08-05,3,
2024-08-05,7,
2024-08-05,1,
2024-08-06,10,
2024-08-07,10,
2024-08-08,3,
2024-08-08,7,
2024-08-08,2,
2024-08-09,10,
2024-08-10,6,
2024-08-10,6,
2024-08-11,12,
2024-08-12,11,
2024-08-13,6,
2024-08-13,2,
2024-08-13,2,
2024-08-14,10,
2024-08-15,8,
2024-08-15,1,
2024-08-15,1,
2024-08-16,12,
2024-08-17,10,
2024-08-18,10,
2024-08-19,6,
2024-08-19,4,
2024-08-19,6,
2024-08-20,11,
2024-08-21,8,
2024-08-21,2,
2024-08-22,10,
2024-08-23,10,
2024-08-24,10,
2024-08-25,10,
2024-08-26,11,
2024-08-26,6,
2024-08-27,10,
2024-08-28,11,
2024-08-29,10,
2024-08-30,9,
2024-08-30,1,
2024-08-31,10,
2024-09-01,10,
2024-09-02,10,
2024-09-03,10,
2024-09-04,10,
2024-09-04,2,
2024-09-05,10,
2024-09-06,10,
2024-09-07,10,
2024-09-08,12,
2024-09-09,10,
2024-09-10,10,
2024-09-11,10,
2024-09-12,11,
2024-09-13,10,
2024-09-14,11,
2024-09-15,13,
2024-09-16,10,
2024-09-17,10,
2024-09-18,10,
2024-09-19,10,
2024-09-20,11,
2024-09-21,10,
2024-09-22,10,
2024-09-23,10,
2024-09-24,10,
2024-09-25,10,
2024-09-26,11,
2024-09-27,10,
2024-09-28,10,
2024-09-29,10,
2024-09-30,10,
2024-10-01,10,
2024-10-02,10,
2024-10-03,12,
2024-10-04,10,
2024-10-05,15,
2024-10-06,10,
2024-10-07,10,
2024-10-08,10,
2024-10-09,10,
2024-10-10,11,
2024-10-11,10,
2024-10-12,10,
2024-10-13,10,
2024-10-14,10,
2024-10-15,10,
2024-10-16,10,
2024-10-17,11,
2024-10-18,15,
2024-10-19,10,
2024-10-20,10,
2024-10-21,12,
2024-10-22,10,
2024-10-23,10,
2024-10-24,10,
2024-10-25,10,
2024-10-26,10,
2024-10-27,10,
2024-10-28,10,
2024-10-29,11,
2024-10-30,10,
2024-10-31,10,
2024-11-01,10,
2024-11-02,10,
2024-11-03,10,
2024-11-04,10,
2024-11-05,10,
2024-11-06,10,
2024-11-07,10,
2024-11-08,10,
2024-11-09,10,
2024-11-10,10,
2024-11-11,10,
2024-11-12,10,
2024-11-13,13,
2024-11-14,10,
2024-11-15,11,
2024-11-16,10,
2024-11-17,10,
2024-11-18,15,
2024-11-19,10,
2024-11-20,10,
2024-11-21,12,
2024-11-22,10,
2024-11-23,10,
2024-11-24,10,
2024-11-25,10,
2024-11-26,21,
2024-11-27,10,
2024-11-28,10,
2024-11-29,10,
2024-11-30,11,
2024-12-01,11,
2024-12-02,10,
2024-12-03,10,
2024-12-04,10,
2024-12-05,10,
2024-12-06,10,
2024-12-07,10,
2024-12-08,10,
2024-12-09,10,
2024-12-10,10,
2024-12-11,10,
2024-12-12,10,
2024-12-13,12,
2024-12-14,10,
2024-12-15,10,
2024-12-16,10,
2024-12-17,10,
2024-12-18,10,
2024-12-19,34,
2024-12-21,10,
2024-12-22,10,
2024-12-23,10,
2024-12-24,10,
2024-12-25,10,
2024-12-26,10,
2024-12-27,10,
2024-12-28,10,
2024-12-29,11,
